program,retired,cycles_plain,cycles_xex,cpi_plain,cpi_xex,overhead_pct,blocks_decrypted,cpi_lines1,cpi_lines2,cpi_lines4,cpi_lines8,cpi_lines16,cpi_lines32,cpi_lines64,cpi_aes1,cpi_aes4,cpi_aes11,cpi_aes22,cpi_aes44
signature,16,37,81,2.312,5.062,118.9,4,5.062,5.062,5.062,5.062,5.062,5.062,5.062,2.562,3.312,5.062,7.812,13.312
loop_sum,408,722,755,1.77,1.85,4.6,3,9.13,1.85,1.85,1.85,1.85,1.85,1.85,1.777,1.799,1.85,1.931,2.093
fib,19731,36532,36609,1.852,1.855,0.2,7,7.851,6.243,3.709,1.855,1.855,1.855,1.855,1.852,1.853,1.855,1.859,1.867
bubble,957,1562,1628,1.632,1.701,4.2,6,6.732,5.243,1.701,1.701,1.701,1.701,1.701,1.638,1.657,1.701,1.77,1.908
strings,171,311,377,1.819,2.205,21.2,6,7.819,4.485,2.205,2.205,2.205,2.205,2.205,1.854,1.959,2.205,2.591,3.363
muldiv,33,74,173,2.242,5.242,133.8,9,5.242,5.242,5.242,5.242,5.242,5.242,5.242,2.515,3.333,5.242,8.242,14.242
aes,11,45,68,4.091,6.182,51.1,3,6.182,6.182,6.182,6.182,6.182,6.182,6.182,2.818,3.636,6.182,10.182,18.182
hazards,37,91,179,2.459,4.838,96.7,8,7.27,5.243,4.838,4.838,4.838,4.838,4.838,2.676,3.324,4.838,7.216,11.973
sieve,3174,5250,5349,1.654,1.685,1.9,9,7.923,5.896,1.685,1.685,1.685,1.685,1.685,1.657,1.665,1.685,1.716,1.779
matmul,1146,1444,1554,1.26,1.356,7.6,10,5.911,5.911,3.869,1.356,1.356,1.356,1.356,1.269,1.295,1.356,1.452,1.644
